{"f_x": 967.8408649341502, "c_x": 487.6126189454018, "f_y": 975.7581580922641, "c_y": 642.0620383473528}